-- phpMyAdmin SQL Dump
-- version 5.0.4
-- https://www.phpmyadmin.net/
--
-- Host: 127.0.0.1
-- Waktu pembuatan: 09 Jan 2022 pada 09.34
-- Versi server: 10.4.17-MariaDB
-- Versi PHP: 7.4.15

SET SQL_MODE = "NO_AUTO_VALUE_ON_ZERO";
START TRANSACTION;
SET time_zone = "+00:00";


/*!40101 SET @OLD_CHARACTER_SET_CLIENT=@@CHARACTER_SET_CLIENT */;
/*!40101 SET @OLD_CHARACTER_SET_RESULTS=@@CHARACTER_SET_RESULTS */;
/*!40101 SET @OLD_COLLATION_CONNECTION=@@COLLATION_CONNECTION */;
/*!40101 SET NAMES utf8mb4 */;

--
-- Database: `coretankecil`
--

-- --------------------------------------------------------

--
-- Struktur dari tabel `banner`
--

CREATE TABLE `banner` (
  `id` bigint(20) UNSIGNED NOT NULL,
  `sampul` varchar(50) COLLATE utf8mb4_unicode_ci NOT NULL,
  `judul` varchar(50) COLLATE utf8mb4_unicode_ci NOT NULL,
  `konten` text COLLATE utf8mb4_unicode_ci NOT NULL,
  `slug` varchar(50) COLLATE utf8mb4_unicode_ci NOT NULL,
  `created_at` timestamp NULL DEFAULT NULL,
  `updated_at` timestamp NULL DEFAULT NULL
) ENGINE=InnoDB DEFAULT CHARSET=utf8mb4 COLLATE=utf8mb4_unicode_ci;

--
-- Dumping data untuk tabel `banner`
--

INSERT INTO `banner` (`id`, `sampul`, `judul`, `konten`, `slug`, `created_at`, `updated_at`) VALUES
(1, 'banner1.jpg', 'Banner Pertama', 'Lorem ipsum dolor sit amet, consectetur adipisicing elit. Blanditiis autem a temporibus quidem, repudiandae quam ducimus. Eum commodi voluptatibus rerum rem aperiam consequatur, harum, aut ipsum quidem dicta at?', 'banner-pertama', '2021-12-20 21:07:45', '2021-12-20 21:07:45'),
(2, 'banner2.jpg', 'Banner Kedua', 'Lorem ipsum dolor sit amet, consectetur adipisicing elit. Blanditiis autem a temporibus quidem, repudiandae quam ducimus. Eum commodi voluptatibus rerum rem aperiam consequatur, harum, aut ipsum quidem dicta at?', 'banner-kedua', '2021-12-20 21:07:45', '2021-12-20 21:07:45'),
(3, '1641695331-Wallpaper 1.jpg', 'Wallpaper', '<p>test</p>', 'wallpaper', '2022-01-08 19:28:51', '2022-01-08 19:28:51');

-- --------------------------------------------------------

--
-- Struktur dari tabel `failed_jobs`
--

CREATE TABLE `failed_jobs` (
  `id` bigint(20) UNSIGNED NOT NULL,
  `uuid` varchar(255) COLLATE utf8mb4_unicode_ci NOT NULL,
  `connection` text COLLATE utf8mb4_unicode_ci NOT NULL,
  `queue` text COLLATE utf8mb4_unicode_ci NOT NULL,
  `payload` longtext COLLATE utf8mb4_unicode_ci NOT NULL,
  `exception` longtext COLLATE utf8mb4_unicode_ci NOT NULL,
  `failed_at` timestamp NOT NULL DEFAULT current_timestamp()
) ENGINE=InnoDB DEFAULT CHARSET=utf8mb4 COLLATE=utf8mb4_unicode_ci;

-- --------------------------------------------------------

--
-- Struktur dari tabel `kategori`
--

CREATE TABLE `kategori` (
  `id` bigint(20) UNSIGNED NOT NULL,
  `nama` varchar(50) COLLATE utf8mb4_unicode_ci NOT NULL,
  `slug` varchar(50) COLLATE utf8mb4_unicode_ci NOT NULL,
  `created_at` timestamp NULL DEFAULT NULL,
  `updated_at` timestamp NULL DEFAULT NULL
) ENGINE=InnoDB DEFAULT CHARSET=utf8mb4 COLLATE=utf8mb4_unicode_ci;

--
-- Dumping data untuk tabel `kategori`
--

INSERT INTO `kategori` (`id`, `nama`, `slug`, `created_at`, `updated_at`) VALUES
(1, 'webinar', 'webinar', '2021-12-20 21:07:45', '2021-12-20 21:07:45'),
(2, 'umum', 'umum', '2021-12-20 21:07:45', '2021-12-20 21:07:45'),
(3, 'kuliah', 'kuliah', '2021-12-20 21:07:45', '2021-12-20 21:07:45');

-- --------------------------------------------------------

--
-- Struktur dari tabel `logo`
--

CREATE TABLE `logo` (
  `id` bigint(20) UNSIGNED NOT NULL,
  `gambar` varchar(50) COLLATE utf8mb4_unicode_ci NOT NULL,
  `created_at` timestamp NULL DEFAULT NULL,
  `updated_at` timestamp NULL DEFAULT NULL
) ENGINE=InnoDB DEFAULT CHARSET=utf8mb4 COLLATE=utf8mb4_unicode_ci;

--
-- Dumping data untuk tabel `logo`
--

INSERT INTO `logo` (`id`, `gambar`, `created_at`, `updated_at`) VALUES
(1, 'logo.png', '2021-12-20 21:07:45', '2021-12-20 21:07:45');

-- --------------------------------------------------------

--
-- Struktur dari tabel `migrations`
--

CREATE TABLE `migrations` (
  `id` int(10) UNSIGNED NOT NULL,
  `migration` varchar(255) COLLATE utf8mb4_unicode_ci NOT NULL,
  `batch` int(11) NOT NULL
) ENGINE=InnoDB DEFAULT CHARSET=utf8mb4 COLLATE=utf8mb4_unicode_ci;

--
-- Dumping data untuk tabel `migrations`
--

INSERT INTO `migrations` (`id`, `migration`, `batch`) VALUES
(57, '2014_10_12_000000_create_users_table', 1),
(58, '2014_10_12_100000_create_password_resets_table', 1),
(59, '2019_08_19_000000_create_failed_jobs_table', 1),
(60, '2019_12_14_000001_create_personal_access_tokens_table', 1),
(61, '2021_12_07_132708_create_kategori_table', 1),
(62, '2021_12_08_010021_create_post_table', 1),
(63, '2021_12_08_073356_add_id_kategori_to_post_table', 1),
(64, '2021_12_08_095008_create_tag_table', 1),
(65, '2021_12_08_122724_create_post_tag_table', 1),
(66, '2021_12_09_112923_create_banner_table', 1),
(67, '2021_12_10_071710_create_logo_table', 1),
(68, '2021_12_11_134021_add_id_user_to_post_table', 1),
(69, '2021_12_14_150329_create_permission_tables', 1),
(70, '2021_12_16_072756_create_rekomendasi_table', 1);

-- --------------------------------------------------------

--
-- Struktur dari tabel `model_has_permissions`
--

CREATE TABLE `model_has_permissions` (
  `permission_id` bigint(20) UNSIGNED NOT NULL,
  `model_type` varchar(255) COLLATE utf8mb4_unicode_ci NOT NULL,
  `model_id` bigint(20) UNSIGNED NOT NULL
) ENGINE=InnoDB DEFAULT CHARSET=utf8mb4 COLLATE=utf8mb4_unicode_ci;

-- --------------------------------------------------------

--
-- Struktur dari tabel `model_has_roles`
--

CREATE TABLE `model_has_roles` (
  `role_id` bigint(20) UNSIGNED NOT NULL,
  `model_type` varchar(255) COLLATE utf8mb4_unicode_ci NOT NULL,
  `model_id` bigint(20) UNSIGNED NOT NULL
) ENGINE=InnoDB DEFAULT CHARSET=utf8mb4 COLLATE=utf8mb4_unicode_ci;

--
-- Dumping data untuk tabel `model_has_roles`
--

INSERT INTO `model_has_roles` (`role_id`, `model_type`, `model_id`) VALUES
(1, 'App\\Models\\User', 1),
(2, 'App\\Models\\User', 2);

-- --------------------------------------------------------

--
-- Struktur dari tabel `password_resets`
--

CREATE TABLE `password_resets` (
  `email` varchar(255) COLLATE utf8mb4_unicode_ci NOT NULL,
  `token` varchar(255) COLLATE utf8mb4_unicode_ci NOT NULL,
  `created_at` timestamp NULL DEFAULT NULL
) ENGINE=InnoDB DEFAULT CHARSET=utf8mb4 COLLATE=utf8mb4_unicode_ci;

--
-- Dumping data untuk tabel `password_resets`
--

INSERT INTO `password_resets` (`email`, `token`, `created_at`) VALUES
('admin@gmail.com', '$2y$10$F20rU0TCRD29.7WhSadj4umSPT7zgJyTpqNBB9pg5/joXkuK7zDUG', '2022-01-01 20:40:58');

-- --------------------------------------------------------

--
-- Struktur dari tabel `permissions`
--

CREATE TABLE `permissions` (
  `id` bigint(20) UNSIGNED NOT NULL,
  `name` varchar(255) COLLATE utf8mb4_unicode_ci NOT NULL,
  `guard_name` varchar(255) COLLATE utf8mb4_unicode_ci NOT NULL,
  `created_at` timestamp NULL DEFAULT NULL,
  `updated_at` timestamp NULL DEFAULT NULL
) ENGINE=InnoDB DEFAULT CHARSET=utf8mb4 COLLATE=utf8mb4_unicode_ci;

-- --------------------------------------------------------

--
-- Struktur dari tabel `personal_access_tokens`
--

CREATE TABLE `personal_access_tokens` (
  `id` bigint(20) UNSIGNED NOT NULL,
  `tokenable_type` varchar(255) COLLATE utf8mb4_unicode_ci NOT NULL,
  `tokenable_id` bigint(20) UNSIGNED NOT NULL,
  `name` varchar(255) COLLATE utf8mb4_unicode_ci NOT NULL,
  `token` varchar(64) COLLATE utf8mb4_unicode_ci NOT NULL,
  `abilities` text COLLATE utf8mb4_unicode_ci DEFAULT NULL,
  `last_used_at` timestamp NULL DEFAULT NULL,
  `created_at` timestamp NULL DEFAULT NULL,
  `updated_at` timestamp NULL DEFAULT NULL
) ENGINE=InnoDB DEFAULT CHARSET=utf8mb4 COLLATE=utf8mb4_unicode_ci;

-- --------------------------------------------------------

--
-- Struktur dari tabel `post`
--

CREATE TABLE `post` (
  `id` bigint(20) UNSIGNED NOT NULL,
  `id_kategori` bigint(20) UNSIGNED NOT NULL,
  `id_user` bigint(20) UNSIGNED NOT NULL,
  `sampul` varchar(50) COLLATE utf8mb4_unicode_ci NOT NULL,
  `judul` varchar(50) COLLATE utf8mb4_unicode_ci NOT NULL,
  `konten` text COLLATE utf8mb4_unicode_ci NOT NULL,
  `slug` varchar(50) COLLATE utf8mb4_unicode_ci NOT NULL,
  `created_at` timestamp NULL DEFAULT NULL,
  `updated_at` timestamp NULL DEFAULT NULL
) ENGINE=InnoDB DEFAULT CHARSET=utf8mb4 COLLATE=utf8mb4_unicode_ci;

--
-- Dumping data untuk tabel `post`
--

INSERT INTO `post` (`id`, `id_kategori`, `id_user`, `sampul`, `judul`, `konten`, `slug`, `created_at`, `updated_at`) VALUES
(1, 1, 1, 'post1.jpg', 'Post Pertama', 'Lorem ipsum dolor sit amet, consectetur adipisicing elit. Blanditiis autem a temporibus quidem, repudiandae quam ducimus. Eum commodi voluptatibus rerum rem aperiam consequatur, harum, aut ipsum quidem dicta at?', 'post-pertama', '2021-12-20 21:07:45', '2021-12-20 21:07:45'),
(2, 2, 2, '1640059820-post2.jpg', 'Post Kedua', '<p>Lorem ipsum dolor sit amet, consectetur adipisicing elit. Blanditiis autem a temporibus quidem, repudiandae quam ducimus. Eum commodi voluptatibus rerum rem aperiam consequatur, harum, aut ipsum quidem dicta at?</p>', 'post-kedua', '2021-12-20 21:07:45', '2021-12-20 21:10:20'),
(3, 3, 2, 'post3.jpg', 'Post Ketiga', 'Lorem ipsum dolor sit amet, consectetur adipisicing elit. Blanditiis autem a temporibus quidem, repudiandae quam ducimus. Eum commodi voluptatibus rerum rem aperiam consequatur, harum, aut ipsum quidem dicta at?', 'post-ketiga', '2021-12-20 21:07:45', '2021-12-20 21:07:45'),
(4, 2, 1, 'post4.jpg', 'Post Keempat', 'Lorem ipsum dolor sit amet, consectetur adipisicing elit. Blanditiis autem a temporibus quidem, repudiandae quam ducimus. Eum commodi voluptatibus rerum rem aperiam consequatur, harum, aut ipsum quidem dicta at?', 'post-keempat', '2021-12-20 21:07:45', '2021-12-20 21:07:45'),
(6, 1, 1, '1641631042-aniume genshin.jpg', 'Coba', '<p><strong>Lorem Ipsum</strong>&nbsp;is simply dummy text of the printing and typesetting industry. Lorem Ipsum has been the industry&#39;s standard dummy text ever since the 1500s, when an unknown printer took a galley of type and scrambled it to make a type specimen book. It has survived not only five centuries, but also the leap into electronic typesetting, remaining essentially unchanged. It was popularised in the 1960s with the release of Letraset sheets containing Lorem Ipsum passages, and more recently with desktop publishing software like Aldus PageMaker including versions of Lorem Ipsum.</p>', 'coba', '2022-01-02 01:58:48', '2022-01-08 01:37:22');

-- --------------------------------------------------------

--
-- Struktur dari tabel `post_tag`
--

CREATE TABLE `post_tag` (
  `id` bigint(20) UNSIGNED NOT NULL,
  `id_post` bigint(20) UNSIGNED NOT NULL,
  `id_tag` bigint(20) UNSIGNED NOT NULL,
  `created_at` timestamp NULL DEFAULT NULL,
  `updated_at` timestamp NULL DEFAULT NULL
) ENGINE=InnoDB DEFAULT CHARSET=utf8mb4 COLLATE=utf8mb4_unicode_ci;

--
-- Dumping data untuk tabel `post_tag`
--

INSERT INTO `post_tag` (`id`, `id_post`, `id_tag`, `created_at`, `updated_at`) VALUES
(1, 1, 1, NULL, NULL),
(2, 1, 2, NULL, NULL),
(3, 2, 2, NULL, NULL),
(4, 3, 3, NULL, NULL),
(5, 4, 1, NULL, NULL),
(8, 6, 3, NULL, NULL);

-- --------------------------------------------------------

--
-- Struktur dari tabel `rekomendasi`
--

CREATE TABLE `rekomendasi` (
  `id` bigint(20) UNSIGNED NOT NULL,
  `id_post` bigint(20) UNSIGNED NOT NULL,
  `created_at` timestamp NULL DEFAULT NULL,
  `updated_at` timestamp NULL DEFAULT NULL
) ENGINE=InnoDB DEFAULT CHARSET=utf8mb4 COLLATE=utf8mb4_unicode_ci;

--
-- Dumping data untuk tabel `rekomendasi`
--

INSERT INTO `rekomendasi` (`id`, `id_post`, `created_at`, `updated_at`) VALUES
(1, 1, '2021-12-20 21:07:45', '2021-12-20 21:07:45'),
(2, 2, '2021-12-20 21:07:45', '2021-12-20 21:07:45');

-- --------------------------------------------------------

--
-- Struktur dari tabel `roles`
--

CREATE TABLE `roles` (
  `id` bigint(20) UNSIGNED NOT NULL,
  `name` varchar(255) COLLATE utf8mb4_unicode_ci NOT NULL,
  `guard_name` varchar(255) COLLATE utf8mb4_unicode_ci NOT NULL,
  `created_at` timestamp NULL DEFAULT NULL,
  `updated_at` timestamp NULL DEFAULT NULL
) ENGINE=InnoDB DEFAULT CHARSET=utf8mb4 COLLATE=utf8mb4_unicode_ci;

--
-- Dumping data untuk tabel `roles`
--

INSERT INTO `roles` (`id`, `name`, `guard_name`, `created_at`, `updated_at`) VALUES
(1, 'admin', 'web', '2021-12-20 21:07:45', '2021-12-20 21:07:45'),
(2, 'penulis', 'web', '2021-12-20 21:07:45', '2021-12-20 21:07:45');

-- --------------------------------------------------------

--
-- Struktur dari tabel `role_has_permissions`
--

CREATE TABLE `role_has_permissions` (
  `permission_id` bigint(20) UNSIGNED NOT NULL,
  `role_id` bigint(20) UNSIGNED NOT NULL
) ENGINE=InnoDB DEFAULT CHARSET=utf8mb4 COLLATE=utf8mb4_unicode_ci;

-- --------------------------------------------------------

--
-- Struktur dari tabel `tag`
--

CREATE TABLE `tag` (
  `id` bigint(20) UNSIGNED NOT NULL,
  `nama` varchar(50) COLLATE utf8mb4_unicode_ci NOT NULL,
  `slug` varchar(50) COLLATE utf8mb4_unicode_ci NOT NULL,
  `created_at` timestamp NULL DEFAULT NULL,
  `updated_at` timestamp NULL DEFAULT NULL
) ENGINE=InnoDB DEFAULT CHARSET=utf8mb4 COLLATE=utf8mb4_unicode_ci;

--
-- Dumping data untuk tabel `tag`
--

INSERT INTO `tag` (`id`, `nama`, `slug`, `created_at`, `updated_at`) VALUES
(1, 'Game', 'game', '2021-12-20 21:07:45', '2021-12-20 21:07:45'),
(2, 'Pribadi', 'pribadi', '2021-12-20 21:07:45', '2021-12-20 21:07:45'),
(3, 'Universitas', 'universitas', '2021-12-20 21:07:45', '2021-12-20 21:07:45');

-- --------------------------------------------------------

--
-- Struktur dari tabel `users`
--

CREATE TABLE `users` (
  `id` bigint(20) UNSIGNED NOT NULL,
  `name` varchar(255) COLLATE utf8mb4_unicode_ci NOT NULL,
  `email` varchar(255) COLLATE utf8mb4_unicode_ci NOT NULL,
  `email_verified_at` timestamp NULL DEFAULT NULL,
  `password` varchar(255) COLLATE utf8mb4_unicode_ci NOT NULL,
  `remember_token` varchar(100) COLLATE utf8mb4_unicode_ci DEFAULT NULL,
  `created_at` timestamp NULL DEFAULT NULL,
  `updated_at` timestamp NULL DEFAULT NULL
) ENGINE=InnoDB DEFAULT CHARSET=utf8mb4 COLLATE=utf8mb4_unicode_ci;

--
-- Dumping data untuk tabel `users`
--

INSERT INTO `users` (`id`, `name`, `email`, `email_verified_at`, `password`, `remember_token`, `created_at`, `updated_at`) VALUES
(1, 'admin', 'admin@gmail.com', '2021-12-20 21:07:45', '$2y$10$QdW6wUBg7G.rpVQ2EHrVtOwYWFeOk3fq3GST3bSFaQHyabF..YCE.', NULL, '2021-12-20 21:07:45', '2021-12-20 21:07:45'),
(2, 'penulis', 'penulis@gmail.com', '2021-12-20 21:07:45', '$2y$10$xkhBb3EJfJt4DGfISWXVE.hZuSyRgAsEM1kmap.XwRuwetGagQjJW', NULL, '2021-12-20 21:07:45', '2021-12-20 21:07:45');

--
-- Indexes for dumped tables
--

--
-- Indeks untuk tabel `banner`
--
ALTER TABLE `banner`
  ADD PRIMARY KEY (`id`);

--
-- Indeks untuk tabel `failed_jobs`
--
ALTER TABLE `failed_jobs`
  ADD PRIMARY KEY (`id`),
  ADD UNIQUE KEY `failed_jobs_uuid_unique` (`uuid`);

--
-- Indeks untuk tabel `kategori`
--
ALTER TABLE `kategori`
  ADD PRIMARY KEY (`id`);

--
-- Indeks untuk tabel `logo`
--
ALTER TABLE `logo`
  ADD PRIMARY KEY (`id`);

--
-- Indeks untuk tabel `migrations`
--
ALTER TABLE `migrations`
  ADD PRIMARY KEY (`id`);

--
-- Indeks untuk tabel `model_has_permissions`
--
ALTER TABLE `model_has_permissions`
  ADD PRIMARY KEY (`permission_id`,`model_id`,`model_type`),
  ADD KEY `model_has_permissions_model_id_model_type_index` (`model_id`,`model_type`);

--
-- Indeks untuk tabel `model_has_roles`
--
ALTER TABLE `model_has_roles`
  ADD PRIMARY KEY (`role_id`,`model_id`,`model_type`),
  ADD KEY `model_has_roles_model_id_model_type_index` (`model_id`,`model_type`);

--
-- Indeks untuk tabel `password_resets`
--
ALTER TABLE `password_resets`
  ADD KEY `password_resets_email_index` (`email`);

--
-- Indeks untuk tabel `permissions`
--
ALTER TABLE `permissions`
  ADD PRIMARY KEY (`id`),
  ADD UNIQUE KEY `permissions_name_guard_name_unique` (`name`,`guard_name`);

--
-- Indeks untuk tabel `personal_access_tokens`
--
ALTER TABLE `personal_access_tokens`
  ADD PRIMARY KEY (`id`),
  ADD UNIQUE KEY `personal_access_tokens_token_unique` (`token`),
  ADD KEY `personal_access_tokens_tokenable_type_tokenable_id_index` (`tokenable_type`,`tokenable_id`);

--
-- Indeks untuk tabel `post`
--
ALTER TABLE `post`
  ADD PRIMARY KEY (`id`);

--
-- Indeks untuk tabel `post_tag`
--
ALTER TABLE `post_tag`
  ADD PRIMARY KEY (`id`),
  ADD KEY `post_tag_id_post_foreign` (`id_post`),
  ADD KEY `post_tag_id_tag_foreign` (`id_tag`);

--
-- Indeks untuk tabel `rekomendasi`
--
ALTER TABLE `rekomendasi`
  ADD PRIMARY KEY (`id`);

--
-- Indeks untuk tabel `roles`
--
ALTER TABLE `roles`
  ADD PRIMARY KEY (`id`),
  ADD UNIQUE KEY `roles_name_guard_name_unique` (`name`,`guard_name`);

--
-- Indeks untuk tabel `role_has_permissions`
--
ALTER TABLE `role_has_permissions`
  ADD PRIMARY KEY (`permission_id`,`role_id`),
  ADD KEY `role_has_permissions_role_id_foreign` (`role_id`);

--
-- Indeks untuk tabel `tag`
--
ALTER TABLE `tag`
  ADD PRIMARY KEY (`id`);

--
-- Indeks untuk tabel `users`
--
ALTER TABLE `users`
  ADD PRIMARY KEY (`id`),
  ADD UNIQUE KEY `users_email_unique` (`email`);

--
-- AUTO_INCREMENT untuk tabel yang dibuang
--

--
-- AUTO_INCREMENT untuk tabel `banner`
--
ALTER TABLE `banner`
  MODIFY `id` bigint(20) UNSIGNED NOT NULL AUTO_INCREMENT, AUTO_INCREMENT=4;

--
-- AUTO_INCREMENT untuk tabel `failed_jobs`
--
ALTER TABLE `failed_jobs`
  MODIFY `id` bigint(20) UNSIGNED NOT NULL AUTO_INCREMENT;

--
-- AUTO_INCREMENT untuk tabel `kategori`
--
ALTER TABLE `kategori`
  MODIFY `id` bigint(20) UNSIGNED NOT NULL AUTO_INCREMENT, AUTO_INCREMENT=11;

--
-- AUTO_INCREMENT untuk tabel `logo`
--
ALTER TABLE `logo`
  MODIFY `id` bigint(20) UNSIGNED NOT NULL AUTO_INCREMENT, AUTO_INCREMENT=2;

--
-- AUTO_INCREMENT untuk tabel `migrations`
--
ALTER TABLE `migrations`
  MODIFY `id` int(10) UNSIGNED NOT NULL AUTO_INCREMENT, AUTO_INCREMENT=71;

--
-- AUTO_INCREMENT untuk tabel `permissions`
--
ALTER TABLE `permissions`
  MODIFY `id` bigint(20) UNSIGNED NOT NULL AUTO_INCREMENT;

--
-- AUTO_INCREMENT untuk tabel `personal_access_tokens`
--
ALTER TABLE `personal_access_tokens`
  MODIFY `id` bigint(20) UNSIGNED NOT NULL AUTO_INCREMENT;

--
-- AUTO_INCREMENT untuk tabel `post`
--
ALTER TABLE `post`
  MODIFY `id` bigint(20) UNSIGNED NOT NULL AUTO_INCREMENT, AUTO_INCREMENT=10;

--
-- AUTO_INCREMENT untuk tabel `post_tag`
--
ALTER TABLE `post_tag`
  MODIFY `id` bigint(20) UNSIGNED NOT NULL AUTO_INCREMENT, AUTO_INCREMENT=17;

--
-- AUTO_INCREMENT untuk tabel `rekomendasi`
--
ALTER TABLE `rekomendasi`
  MODIFY `id` bigint(20) UNSIGNED NOT NULL AUTO_INCREMENT, AUTO_INCREMENT=4;

--
-- AUTO_INCREMENT untuk tabel `roles`
--
ALTER TABLE `roles`
  MODIFY `id` bigint(20) UNSIGNED NOT NULL AUTO_INCREMENT, AUTO_INCREMENT=3;

--
-- AUTO_INCREMENT untuk tabel `tag`
--
ALTER TABLE `tag`
  MODIFY `id` bigint(20) UNSIGNED NOT NULL AUTO_INCREMENT, AUTO_INCREMENT=9;

--
-- AUTO_INCREMENT untuk tabel `users`
--
ALTER TABLE `users`
  MODIFY `id` bigint(20) UNSIGNED NOT NULL AUTO_INCREMENT, AUTO_INCREMENT=7;

--
-- Ketidakleluasaan untuk tabel pelimpahan (Dumped Tables)
--

--
-- Ketidakleluasaan untuk tabel `model_has_permissions`
--
ALTER TABLE `model_has_permissions`
  ADD CONSTRAINT `model_has_permissions_permission_id_foreign` FOREIGN KEY (`permission_id`) REFERENCES `permissions` (`id`) ON DELETE CASCADE;

--
-- Ketidakleluasaan untuk tabel `model_has_roles`
--
ALTER TABLE `model_has_roles`
  ADD CONSTRAINT `model_has_roles_role_id_foreign` FOREIGN KEY (`role_id`) REFERENCES `roles` (`id`) ON DELETE CASCADE;

--
-- Ketidakleluasaan untuk tabel `post_tag`
--
ALTER TABLE `post_tag`
  ADD CONSTRAINT `post_tag_id_post_foreign` FOREIGN KEY (`id_post`) REFERENCES `post` (`id`) ON DELETE CASCADE,
  ADD CONSTRAINT `post_tag_id_tag_foreign` FOREIGN KEY (`id_tag`) REFERENCES `tag` (`id`) ON DELETE CASCADE;

--
-- Ketidakleluasaan untuk tabel `role_has_permissions`
--
ALTER TABLE `role_has_permissions`
  ADD CONSTRAINT `role_has_permissions_permission_id_foreign` FOREIGN KEY (`permission_id`) REFERENCES `permissions` (`id`) ON DELETE CASCADE,
  ADD CONSTRAINT `role_has_permissions_role_id_foreign` FOREIGN KEY (`role_id`) REFERENCES `roles` (`id`) ON DELETE CASCADE;
COMMIT;

/*!40101 SET CHARACTER_SET_CLIENT=@OLD_CHARACTER_SET_CLIENT */;
/*!40101 SET CHARACTER_SET_RESULTS=@OLD_CHARACTER_SET_RESULTS */;
/*!40101 SET COLLATION_CONNECTION=@OLD_COLLATION_CONNECTION */;
